file_name,prediction
recording_76.mp3,0.054109569638967514
recording_62.mp3,5.52335636865506e-20
recording_48.mp3,0.08099675923585892
recording_44.mp3,0.01394256018102169
recording_45.mp3,0.005621728487312794
recording_06.mp3,0.057579781860113144
recording_43.mp3,0.019206635653972626
recording_68.mp3,0.08360064029693604
recording_95.mp3,2.1596919493640083e-16
recording_17.mp3,0.8523585796356201
recording_65.mp3,5.535831125100255e-13
recording_74.mp3,2.1502034763626983e-18
recording_10.mp3,0.01920676790177822
recording_49.mp3,1.1868699382674985e-12
recording_15.mp3,5.535831125100255e-13
recording_37.mp3,0.04956888034939766
recording_64.mp3,2.6308157874410654e-09
recording_39.mp3,0.9161337614059448
recording_04.mp3,0.057632848620414734
recording_28.mp3,0.8959243893623352
recording_05.mp3,0.10623948276042938
recording_80.mp3,0.08360064029693604
recording_57.mp3,2.4545576682299952e-09
recording_12.mp3,0.0627497136592865
recording_59.mp3,0.6285139918327332
recording_67.mp3,2.20203762532723e-37
recording_09.mp3,1.419473273531393e-20
recording_79.mp3,1.5272361569553371e-27
recording_14.mp3,6.051872564300277e-18
recording_63.mp3,0.9059740304946899
recording_86.mp3,0.9059740304946899
recording_47.mp3,0.9174838662147522
recording_03.mp3,2.747263007151177e-22
recording_33.mp3,5.9871125941435e-20
recording_08.mp3,0.9414132833480835
recording_51.mp3,0.005629410967230797
recording_35.mp3,0.007244328502565622
recording_81.mp3,5.535831125100255e-13
recording_30.mp3,2.4662010121931236e-16
recording_88.mp3,2.3703583932820404e-22
recording_75.mp3,0.013944356702268124
recording_46.mp3,0.915871798992157
recording_19.mp3,0.8523448705673218
recording_90.mp3,3.4265879792205375e-27
recording_69.mp3,6.270449437462133e-11
recording_40.mp3,0.34206482768058777
recording_58.mp3,1.927413222192383e-20
recording_31.mp3,0.34206482768058777
recording_73.mp3,2.599333660558166e-27
recording_85.mp3,2.437578718018729e-25
recording_29.mp3,3.691991623954881e-18
recording_02.mp3,2.4572103199408357e-19
recording_66.mp3,6.578488651761452e-21
recording_23.mp3,0.7222390174865723
recording_22.mp3,0.007244720123708248
recording_27.mp3,6.281535539062869e-18
recording_25.mp3,0.9059740304946899
recording_32.mp3,0.00724469218403101
recording_84.mp3,0.9059740304946899
recording_61.mp3,0.9161337614059448
recording_87.mp3,0.9414268732070923
recording_53.mp3,6.465982194114872e-10
recording_96.mp3,0.10623948276042938
recording_16.mp3,0.025417981669306755
recording_26.mp3,0.007243499159812927
recording_11.mp3,0.024863019585609436
recording_54.mp3,4.606802030066102e-16
recording_91.mp3,0.025079090148210526
recording_13.mp3,2.3525909976069664e-17
recording_92.mp3,0.024887412786483765
recording_94.mp3,4.803234793885887e-16
recording_60.mp3,6.431480903401621e-10
recording_55.mp3,0.01920430175960064
recording_36.mp3,3.6878104087067314e-26
recording_56.mp3,0.9158247709274292
recording_93.mp3,0.034463558346033096
recording_72.mp3,0.08512299507856369
recording_70.mp3,5.535831125100255e-13
recording_38.mp3,0.8525424003601074
recording_18.mp3,0.0006263398099690676
recording_98.mp3,0.999995231628418
recording_21.mp3,6.404619196098693e-11
recording_83.mp3,5.535831125100255e-13
recording_89.mp3,5.535831125100255e-13
recording_01.mp3,0.0009400786948390305
recording_78.mp3,0.999993085861206
recording_41.mp3,7.080927187967981e-23
recording_52.mp3,3.916112042648433e-33
recording_77.mp3,0.8521941900253296
recording_42.mp3,4.004628043715095e-16
recording_20.mp3,2.483424552046634e-28
recording_82.mp3,4.101690607932149e-16
recording_07.mp3,0.10623948276042938
recording_24.mp3,1.170981189716431e-20
recording_99.mp3,0.019206641241908073
recording_97.mp3,2.4270949694482624e-09
recording_50.mp3,1.1681346867452256e-20
recording_71.mp3,0.02490478940308094
recording_34.mp3,0.06456291675567627
recording_00.mp3,0.03438477963209152
